Built,n,prop
3.4.0,57,0.404255319148936
3.4.1,13,0.0921985815602837
3.4.2,17,0.120567375886525
3.4.3,54,0.382978723404255
